<?xml version="1.0" encoding="utf-8"?>
<!DOCTYPE install PUBLIC "-//Joomla! 2.5//DTD template 1.0//EN" "http://www.joomla.org/xml/dtd/1.6/template-install.dtd">
<extension version="2.5" client="site" type="template" method="upgrade">
    <name>dd_fashionline_51</name>
    <creationDate>2014-11-04</creationDate>
    <version>2.5</version>
    <author>www.diablodesign.eu</author>
    <authorUrl>http://www.diablodesign.eu</authorUrl>
   	<description>
	  <![CDATA[
	<div class="dd-description clearfix">
	<h2><span style="color: #39F;"> DD FashionLine 51 - Diablo Design free Joomla template</span></h2>
	<hr>
	For more free templates, visit.
	<br>
	<a href="https://diablodesign.eu" target="_blank">https://diablodesign.eu</a>
	<br>
	<a href="https://templatki.com" target="_blank">https://templatki.com</a>
	<hr><br><br>
	</div>
	]]>
	</description>
    <files>
        <folder>css</folder>
		<folder>inc</folder>
        <folder>html</folder>
		<folder>js</folder>
        <folder>images</folder>
        <folder>language</folder>
        <folder>library</folder>
        <file>component.php</file>
        <file>favicon.ico</file>
        <file>functions.php</file>
        <file>index.html</file>
        <file>index.php</file>
        <file>jquery.js</file>
        <file>modules.js</file>
        <file>script.js</file>
        <file>script.responsive.js</file>
        <file>templateDetails.xml</file>
        <file>template_thumbnail.jpg</file>
    </files>
    <positions>
        <position>debug</position>
        <position>position-1</position>
        <position>position-2</position>
        <position>position-3</position>
        <position>position-4</position>
        <position>position-5</position>
        <position>position-6</position>
        <position>position-7</position>
        <position>position-8</position>
        <position>position-9</position>
        <position>position-10</position>
        <position>position-11</position>
        <position>position-12</position>
        <position>position-15</position>
        <position>position-16</position>
        <position>position-17</position>
        <position>position-18</position>
        <position>position-19</position>
        <position>position-20</position>
        <position>position-21</position>
        <position>position-22</position>
        <position>position-23</position>
        <position>position-24</position>
        <position>position-25</position>
        <position>position-26</position>
        <position>position-27</position>
        <position>position-28</position>
        <position>position-29</position>
        <position>position-30</position>
        <position>position-31</position>
    </positions>
    <config>
        <fields name="params">
            <fieldset name="basic">
                <field name="siteTitle" type="text" size="50" label="TPL_SITE_TITLE" description="TPL_SITE_TITLE_DESCRIPTION"/>
                <field name="siteSlogan" type="text" size="50" label="TPL_SITE_SLOGAN" description="TPL_SITE_SLOGAN_DESCRIPTION"/>
            </fieldset>
	
				<fieldset name="animacja" label="Configuration Slideshow / Konfiguracja animacji">
					<field type="spacer" class="text" label="&lt;b style='color:red;'&gt;Rozmiar fotografi musi wynosić 1049px na 315px !&lt;/b&gt;&lt;/a&gt;" />
					<field type="spacer" class="text" label="&lt;b style='color:green;'&gt;Size photo must be 1049px to 315px! !&lt;/b&gt;&lt;/a&gt;" />
			<field name="foto1" type="media" label="Upload foto 1" description="" default="templates/dd_fashionline_51/images/slideshow/1.jpg"/>
			<field name="foto2" type="media" label="Upload foto 2" description="" default="templates/dd_fashionline_51/images/slideshow/2.jpg"/>
			<field name="foto3" type="media" label="Upload foto 3" description="" default="templates/dd_fashionline_51/images/slideshow/3.jpg"/>
			<field name="foto4" type="media" label="Upload foto 4" description="" default="templates/dd_fashionline_51/images/slideshow/4.jpg"/>
			<field name="foto5" type="media" label="Upload foto 5" description="" default="templates/dd_fashionline_51/images/slideshow/5.jpg"/>
			</fieldset>
		
						
						<fieldset name="contact" label="Contact header/ Kontakt w nagłowku">
						<field name="name" type="text" default="Agnes Bart" size="50" label="Name" description="Name"/>       
                       <field name="tel" type="text" default="+043 756 00 234 03" size="50" label="telephone" description="telephone"/>
					   <field name="em" type="text" default="office@fashionline.com" size="50" label="email" description="email"/>
</fieldset>
			
			<fieldset name="social" label="Links to social networking sites / Ikony społecznościowe">	
			
			<field name="facebook" type="text" default="http://facebook.com" label="Facebok url:" description="facebok link" filter="string" />
				<field name="fc" type="list" default="1" label="" description="Dosabled facebook icon">
					<option value="0">Disabled / WYLACZ</option>
					<option value="1">Enabled / ZALACZ</option>
				</field>
			<field name="twitter" type="text" default="http://twiiter.com" label="Twitter url:" description="twitter link" filter="string" />
			<field name="tc" type="list" default="1" label="" description="Dosabled twitter icon">
					<option value="0">Disabled / WYLACZ</option>
					<option value="1">Enabled / ZALACZ</option>
				</field>
		
				</fieldset>	
			
                   <fieldset name="scroll" label="Back To Top / Powrót na góre">
                        
						<field name="backc" type="list" default="1" label="" description="test">
					<option value="0">Disabled / WYLACZ</option>
					<option value="1">Enabled / ZALACZ</option>
				</field>
						</fieldset>
			
						<fieldset name="footer" label="Footer / Konfiguracja stopki">       
                       <field name="footer" type="text" default="Fashion Line" size="50" label="Site name" description="footer site name"/>
</fieldset>


        </fields>
    </config>
    <languages folder="language">
        <language tag="en-GB">en-GB/en-GB.tpl_dd_fashionline_51.ini</language>
    </languages>
</extension>