<?xml version="1.0" encoding="utf-8"?>
<!DOCTYPE install PUBLIC "-//Joomla! 2.5//DTD template 1.0//EN" "http://www.joomla.org/xml/dtd/1.6/template-install.dtd">
<extension version="2.5" client="site" type="template" method="upgrade">
    <name>dd_toysshop_34</name>
    <creationDate>2014-01-08</creationDate>
    <version>1.0</version>
    <author>www.diablodesign.eu</author>
    <authorUrl>http://www.diablodesign.eu</authorUrl>
  	<description>
	  <![CDATA[
	<div class="dd-description clearfix">
	<h2><span style="color: #39F;"> DD ToysShop 34 - Diablo Design free Joomla template</span></h2>
	<hr>
	For more free templates, visit.
	<br>
	<a href="https://diablodesign.eu" target="_blank">https://diablodesign.eu</a>
	<br>
	<a href="https://templatki.com" target="_blank">https://templatki.com</a>
	<hr><br><br>
	</div>
	]]>
	</description>

    <files>
        <folder>css</folder>
		<folder>inc</folder>
        <folder>html</folder>
        <folder>images</folder>
        <folder>language</folder>
        <folder>library</folder>
        <folder>fonts</folder>
	    <folder>js</folder>
        <folder>themes</folder>
        <file>component.php</file>
        <file>favicon.ico</file>
        <file>functions.php</file>
        <file>index.html</file>
        <file>index.php</file>
        <file>jquery.js</file>
        <file>modules.js</file>
        <file>script.js</file>
        <file>script.responsive.js</file>
        <file>templateDetails.xml</file>

        <file>template_thumbnail.png</file>
    </files>
    <positions>
        <position>debug</position>
        <position>position-1</position>
        <position>position-2</position>
        <position>position-4</position>
        <position>position-5</position>
        <position>position-7</position>
        <position>position-9</position>
        <position>position-10</position>
        <position>position-11</position>
        <position>position-12</position>
        <position>position-15</position>
        <position>position-16</position>
        <position>position-17</position>
        <position>position-18</position>
        <position>position-19</position>
        <position>position-20</position>
        <position>position-21</position>
        <position>position-22</position>
        <position>position-23</position>
        <position>position-24</position>
        <position>position-25</position>
        <position>position-26</position>
        <position>position-27</position>
        <position>position-28</position>
        <position>position-29</position>
        <position>position-30</position>
    </positions>
    <config>
        <fields name="params">
          <!--logo-->
			 <fieldset name="logo" label="Logo"><field name="logo" type="media" label="Select image " description="Logo" default="templates/dd_toysshop_34/images/logo.png"/>
				</fieldset>
				<!--scrool-->
                   <fieldset name="topmenu" label="Icon top menu">
                        <field name="il1" type="text" default="index.php" size="50" label="Icon1" description="Icon1"/>
						<field name="i1" type="list" default="1" label="" description="">
					<option value="0">Disabled / WYLACZ</option>
					<option value="1">Enabled / ZALACZ</option>
				</field>
						<field name="il2" type="text" default="index.php" size="50" label="Icon2" description="Icon2"/>
						<field name="i2" type="list" default="1" label="" description="">
					<option value="0">Disabled / WYLACZ</option>
					<option value="1">Enabled / ZALACZ</option>
				</field>
						<field name="il3" type="text" default="index.php" size="50" label="Icon3" description="Icon3"/>
						<field name="i3" type="list" default="1" label="" description="">
					<option value="0">Disabled / WYLACZ</option>
					<option value="1">Enabled / ZALACZ</option>
				</field>
						<field name="il4" type="text" default="index.php" size="50" label="Icon4" description="Icon4"/>
						<field name="i4" type="list" default="1" label="" description="">
					<option value="0">Disabled / WYLACZ</option>
					<option value="1">Enabled / ZALACZ</option>
				</field>
						<field name="il5" type="text" default="index.php" size="50" label="Icon5" description="Icon5"/>
						<field name="i5" type="list" default="1" label="" description="">
					<option value="0">Disabled / WYLACZ</option>
					<option value="1">Enabled / ZALACZ</option>
				</field>
						
						</fieldset>
	
	<!--animcja-->
				<fieldset name="animacja" label="Slideshow">
					<field type="spacer" class="text" label="&lt;b style='color:red;'&gt;Rozmiar fotografi musi wynosić 959px na 261px !&lt;/b&gt;&lt;/a&gt;" />
					<field type="spacer" class="text" label="&lt;b style='color:green;'&gt;Size photo must be 959px to 261px! !&lt;/b&gt;&lt;/a&gt;" />
			<field name="foto1" type="media" label="Upload foto 1" description="" default="templates/dd_toysshop_34/images/slideshow/1.jpg"/>
			<field name="foto2" type="media" label="Upload foto 2" description="" default="templates/dd_toysshop_34/images/slideshow/2.jpg"/>
			<field name="foto3" type="media" label="Upload foto 3" description="" default="templates/dd_toysshop_34/images/slideshow/3.jpg"/>
			<field name="foto4" type="media" label="Upload foto 4" description="" default="templates/dd_toysshop_34/images/slideshow/4.jpg"/>
			<field name="foto5" type="media" label="Upload foto 5" description="" default="templates/dd_toysshop_34/images/slideshow/5.jpg"/>
			</fieldset>
			
			<!--social-->
			<fieldset name="social" label="Social icon">	
			
			<field name="facebook" type="text" default="http://facebook.com" label="Facebok url:" description="facebok link" filter="string" />
			<field name="fbc" type="list" default="1" label="" description="">
					<option value="0">Disabled / WYLACZ</option>
					<option value="1">Enabled / ZALACZ</option>
				</field>
			
			
			<field name="twitter" type="text" default="http://twiiter.com" label="Twitter url:" description="twitter link" filter="string" />
			<field name="twc" type="list" default="1" label="" description="">
					<option value="0">Disabled / WYLACZ</option>
					<option value="1">Enabled / ZALACZ</option>
				</field>
		
			<field name="google" type="text" default="http://google.com" label="google+ url:" description="flickr link" filter="string" />
			<field name="gc" type="list" default="1" label="" description="">
					<option value="0">Disabled / WYLACZ</option>
					<option value="1">Enabled / ZALACZ</option>
				</field>
				<field type="spacer" class="text" label="&lt;b style='color:red;'&gt;Disabled all share icon! / WYLACZ WSZYTKIE IKONY SPOLECZNOSCIOWE !&lt;/b&gt;&lt;/a&gt;" />
			<field name="allicon" type="list" default="1" label="" description="test">
					<option value="0">Disabled / WYLACZ</option>
					<option value="1">Enabled / ZALACZ</option>
				</field>
			</fieldset>
			
				<!--scrool-->
                   <fieldset name="scroll" label="Back To Top">
                        <field name="scroll" type="text" default="Back To Top" size="50" label="Back To Top" description="Back To Top"/>
						<field name="backc" type="list" default="1" label="" description="test">
					<option value="0">Disabled / WYLACZ</option>
					<option value="1">Enabled / ZALACZ</option>
				</field>
						</fieldset>
						<!--footer-->
						<fieldset name="footer" label="Footer">       
                       <field name="footer" type="text" default="Toys Shop" size="50" label="Site name" description="footer site name"/>
</fieldset>
<!--animcja-->
				<fieldset name="circlecss3" label="Footer Circle">
					<field type="spacer" class="text" label="&lt;b style='color:red;'&gt;Rozmiar fotografi musi wynosić 220px na 220px !&lt;/b&gt;&lt;/a&gt;" />
					<field type="spacer" class="text" label="&lt;b style='color:green;'&gt;Size photo must be 220px to 220px! !&lt;/b&gt;&lt;/a&gt;" />
			<field type="spacer" class="text" label="&lt;b style='color:green;'&gt;Config circle 1&lt;/b&gt;&lt;/a&gt;" />		
			<field name="c1" type="media" label="Upload circle 1" description="" default="templates/dd_toysshop_34/images/circle/1.jpg"/>
			<field name="t1" type="text" default="Title" label="TITLE" description="Title 1" filter="string" />
			<field name="te1" type="text" default="My text" label="my text" description="my text 1" filter="string" />
			<field name="li1" type="text" default="http://" label="url" description="url" filter="string" />
			<field type="spacer" class="text" label="&lt;b style='color:green;'&gt;Config circle 2&lt;/b&gt;&lt;/a&gt;" />	
			<field name="c2" type="media" label="Upload circle" description="" default="templates/dd_toysshop_34/images/circle/2.jpg"/>
			<field name="t2" type="text" default="Title" label="TITLE" description="Title 2" filter="string" />
			<field name="te2" type="text" default="My text" label="my text" description="my text 2" filter="string" />
			<field name="li2" type="text" default="http://" label="url" description="url" filter="string" />
			<field type="spacer" class="text" label="&lt;b style='color:green;'&gt;Config circle 3&lt;/b&gt;&lt;/a&gt;" />	
			<field name="c3" type="media" label="Upload circle" description="" default="templates/dd_toysshop_34/images/circle/3.jpg"/>
			<field name="t3" type="text" default="Title" label="TITLE" description="Title 3" filter="string" />
			<field name="te3" type="text" default="My text" label="my text" description="my text 3" filter="string" />
			<field name="li3" type="text" default="http://" label="url" description="url" filter="string" />
			<field type="spacer" class="text" label="&lt;b style='color:green;'&gt;Config circle 4&lt;/b&gt;&lt;/a&gt;" />	
			<field name="c4" type="media" label="Upload circle" description="" default="templates/dd_toysshop_34/images/circle/4.jpg"/>
			<field name="t4" type="text" default="Title" label="TITLE" description="Title 4" filter="string" />
			<field name="te4" type="text" default="My text" label="my text" description="my text 4" filter="string" />
			<field name="li4" type="text" default="http://" label="url" description="url" filter="string" />
			
			<field type="spacer" class="text" label="&lt;b style='color:red;'&gt;Disabled all circle button! / wyłącz wszytskie butony !&lt;/b&gt;&lt;/a&gt;" />
			<field name="allbutton" type="list" default="1" label="" description="test">
					<option value="0">Disabled / WYLACZ</option>
					<option value="1">Enabled / ZALACZ</option>
				</field>
			
			</fieldset>

        </fields>
    </config>
    <languages folder="language">
        <language tag="en-GB">en-GB/en-GB.tpl_dd_toysshop_34.ini</language>
    </languages>
</extension>